0,1,".mw-parser-output .navbar{display:inline;font-size:88%;font-weight:normal}.mw-parser-output .navbar-collapse{float:left;text-align:left}.mw-parser-output .navbar-boxtext{word-spacing:0}.mw-parser-output .navbar ul{display:inline-block;white-space:nowrap;line-height:inherit}.mw-parser-output .navbar-brackets::before{margin-right:-0.125em;content:""[ ""}.mw-parser-output .navbar-brackets::after{margin-left:-0.125em;content:"" ]""}.mw-parser-output .navbar li{word-spacing:-0.125em}.mw-parser-output .navbar a>span,.mw-parser-output .navbar a>abbr{text-decoration:inherit}.mw-parser-output .navbar-mini abbr{font-variant:small-caps;border-bottom:none;text-decoration:none;cursor:inherit}.mw-parser-output .navbar-ct-full{font-size:114%;margin:0 7em}.mw-parser-output .navbar-ct-mini{font-size:114%;margin:0 4em}vteMusic industry",".mw-parser-output .navbar{display:inline;font-size:88%;font-weight:normal}.mw-parser-output .navbar-collapse{float:left;text-align:left}.mw-parser-output .navbar-boxtext{word-spacing:0}.mw-parser-output .navbar ul{display:inline-block;white-space:nowrap;line-height:inherit}.mw-parser-output .navbar-brackets::before{margin-right:-0.125em;content:""[ ""}.mw-parser-output .navbar-brackets::after{margin-left:-0.125em;content:"" ]""}.mw-parser-output .navbar li{word-spacing:-0.125em}.mw-parser-output .navbar a>span,.mw-parser-output .navbar a>abbr{text-decoration:inherit}.mw-parser-output .navbar-mini abbr{font-variant:small-caps;border-bottom:none;text-decoration:none;cursor:inherit}.mw-parser-output .navbar-ct-full{font-size:114%;margin:0 7em}.mw-parser-output .navbar-ct-mini{font-size:114%;margin:0 4em}vteMusic industry.1",Artist,Claimed sales,Country / Market,Genre,Period active,Release year of first charted record,Release-year of first charted record,Total certified units(from available markets)[a]
,,,,The Beatles,600 million[42][43]500 million[44],United Kingdom,Rock / pop[10],1960–1970[10],1962[10],,"Total available certified units: 289.3 million US: 217.250 million[11] JPN: 4.950 million[a][12] GER: 8 million[a][13] UK: 29.545 million[a][14] FRA: 3.890 million[a][15][16] CAN: 14.455 million[a][17] AUS: 3.060 million[a][18][19] BRA: 550,000[a][20] NLD: 345,000[a][21] ITA: 595,000[a][22] SPA: 1.250 million[a][23][24] SWE: 485,000[a][25] NOR: 200,000[a][26] DEN: 565,000[a][27][28][29] SWI: 350,000[a][30] ARG: 1.926 million[a][31][32][33] BEL: 390,000[a][34][35] AUT: 500,000[a][36] POL: 175,000[a][37] FIN: 118,048[a][38] NZ: 660,000[a][39][40] POR: 135,000[a][41]"
,,,,Elvis Presley,500 million[55][56]360 million (Est. sales as of 1997)[57][58],United States,Rock and roll / pop / country[45],1954–1977[45],1954[45],,"Total available certified units: 230.6 million US: 199.650 million[11] JPN: 300,000[a][12] GER: 1.2 million[a][13] UK: 19.115 million[a][14] FRA: 2.590 million[a][15][16] CAN: 2.925 million[a][17] AUS: 1.867 million[a][18][46] BRA: 125,000[a][20] NLD: 555,000[a][21] ITA: 150,000[a][22] SPA: 300,000[a][23][47][48] SWE 380,000[a][25] NOR: 130,000[a][26] DEN: 210,000[a][49][50][51] SWI: 185,000[a][30] MEX: 105,000[a][52] ARG: 110,000[a][31] BEL: 115,000[a][34][35] AUT: 205,000[a][36] FIN: 213,945[a][38] NZ: 117,500[a][39][40] POR: 100,000[a][53][54]"
,,,,Michael Jackson,400 million[72][73]350 million[74][75],United States,Pop / rock / dance / soul / R&B[59],1964–2009[59],1971[59],,"Total available certified units: 258.8 million US: 160.8 million[11] JPN: 4.650 million[a][12][60] GER: 11.275 million[13] UK: 38.120 million[14] FRA: 11.5 million[15][16][61] CAN: 4.860 million[17] AUS: 6.915 million[a][18][19][62][63][64] BRA: 280,000[a][20] NLD: 2.2 million[21] ITA: 1.310 million[a][22] SPA: 1.995 million[a][23][24][47][48][65] SWE: 1.330 million[a][25][66] NOR: 275,000[a][26][54] DEN: 2.184 million[a][67][68][29] SWI: 1.010 million[a][30][54] MEX: 5.6 million[a][52] ARG: 664,000[a][31][32][33] BEL: 695,000[a][34][35] AUT: 1.197 million[a][36] POL: 530,000[a][37] FIN: 384,127[38] NZ: 912,500[39][40] POR: 125,000[a][41][54][69][70][71]"
,,,,Elton John,300 million[80][81]250 million[82][83],United Kingdom,Pop / rock[76],1964–present[76],1970[76],,"Total available certified units: 206.4 million US: 138.050 million[11] JPN: 1.1 million[a][12] GER: 7.9 million[a][13] UK: 33.705 million[a][14] FRA: 5.158 million[a][15][16][61] CAN: 6.055 million[a][17] AUS: 4.557 million[a][18][77] BRA: 835,000[a][20] NLD: 975,000[21] ITA: 300,000[a][22] SPA: 1.280 million[a][23][24][48][65] SWE: 740,000[a][25] NOR: 400,000[a][26] DEN: 735,000[a][50][68][78][29] SWI: 1.333 million[a][30] MEX: 450,000[a][52] ARG: 128,000[31][32] BEL: 850,000[a][34][35][79] AUT: 915,000[a][36][54] POL: 385,000[a][37][79] FIN: 163,481[38] NZ: 390,000[a][39][40]"
,,,,Madonna,300 million[91][92]275 million[93],United States,Pop / dance / electronica[84],1979–present[84],1983[84],,"Total available certified units: 181.2 million US: 85.675 million[11] JPN: 6.450 million[a][12][60] GER: 12.650 million[13][85] UK: 31.145 million[14] FRA: 12.805 million[15][16][61] CAN: 6.030 million[17] AUS: 5.387 million[a][18][86] BRA: 3.490 million[a][20] NLD: 1.745 million[21] ITA: 3.345 million[a][22][79][54] SPA: 3.015 million[23][24][47][48][65] SWE: 1.070 million[a][25][66] NOR: 280,000[a][26][54] DEN: 747,000[a][67][68][87][29][88][89] SWI: 1.280 million[a][30][54] MEX: 550,000[a][52] ARG: 2.102 million[31][32][90] BEL: 1.035 million[a][34][35][79] AUT: 645,000[a][36][54] POL: 590,000[a][37] FIN: 665,267[38] NZ: 430,000[39][40] POR: 142,000[a][53][41][54][71]"
,,,,Led Zeppelin,300 million[98][99]200 million[100][101],United Kingdom,Hard rock / blues rock / folk rock[94],1968–1980[94],1969[94],,"Total available certified units: 142.2 million US: 115.1 million[11] JPN: 400,000 [a][12] GER: 3.775 million[a][13] UK: 10.530 million[a][14] FRA: 2.310 million[a][15][16][95] CAN: 4.710 million[17] AUS: 2.8 million[a][18][96][97] BRA: 970,000[a][20] ITA: 535,000[a][22] SPA: 450,000[a][24][48][65] SWI: 211,000[a][30] ARG: 360,000[a][31] POL: 120,000[a][37]"
,,,,Rihanna,250 million[106][107],BarbadosUnited States,R&B / pop / dance / hip-hop[102],2005–present[102],2005[102],,"Total available certified units: 332.5 million US: 242.550 million[11] JPN: 1.4 million[12][60] GER: 10.775 million[13] UK: 47.7 million[14] FRA: 1.715 million[16] CAN: 3.2 million[17] AUS: 10.2 million[18] BRA: 1.975 million[20] ITA: 2.075 million[a][22] SPA: 1.470 million[23] SWE: 2.560 million[25][66] DEN: 2.576 million[67][68][29][87][78][103][104][28] SWI: 860,000[30] MEX: 860,000[52] BEL: 720,000[35] AUT: 135,000[36] POL: 820,000[37] IRE: 240,000[105] NZ: 712,500[39][40]"
,,,,Pink Floyd,250 million[113][114]200 million[115],United Kingdom,Progressive rock / psychedelic rock[108],"1965–1996, 2005, 2012–2014[108][109]",1967[108],,"Total available certified units: 123.4 million US: 78 million[11] JPN: 100,000[a][110] GER: 7.5 million[a][13] UK: 13.970 million[a][14] FRA: 6.260 million[a][15][16][61] CAN: 6.790 million[a][17] AUS: 3.242 million[a][18][19] BRA: 515,000[a][20] NLD: 435,000[a][21] ITA: 1.810 million[a][22] SPA: 625,000[a][23][24][47][65] SWE: 220,000[a][25][66] NOR: 165,000[a][26][111][54] DEN: 245,000[a][67][29] SWI: 390,000[a][30] MEX: 210,000[a][52][112] ARG: 582,000[a][31][32] BEL: 165,000[a][34][35] AUT: 460,000[a][36] POL: 760,000[a][37] NZ: 787,500[a][39][40] POR: 182,000[a][53][41][54][71]"
,,,,Eminem,220 million[118],United States,Hip-hop[116],1996–present[116],,1999[116],"Total available certified units: 321.5 million US: 240.7 million[11] JPN: 2.9 million[12][60] GER: 8.1 million[13] UK: 42.525 million[14] FRA: 3.565 million[16][95] CAN: 4.570 million[17] AUS: 9.747 million[18] BRA: 300,000[20] NLD: 250,000[21] ITA: 1.325 million[a][22] SPA: 290,000[23][65] SWE: 970,000[25][66] NOR: 340,000[26][111] DEN: 2.381 million[a][67][29] SWI: 790,000[30] MEX: 365,000[52] BEL: 515,000[35] AUT: 377,500[36] POL: 310,000[37] FIN: 130,351[38] IRE: 270,000[a][105] NZ: 705,000[39][40] POR: 105,000[a][41][117]"
,,,,Mariah Carey,220 million[123],United States,R&B / pop / soul / hip-hop[119],1988–present[119],,1990[119],"Total available certified units: 195.7 million US: 141.8 million[11] JPN: 14.5 million[a][12][60][120] GER: 4.3 million[13] UK: 14.860 million[14] FRA: 4.690 million[15][16][61] CAN: 4.1 million[17] AUS: 5.370 million[a][18][121] BRA: 875,000[20] NLD: 1.425 million[21] ITA: 145,000[a][22] SPA: 1.1 million[23][24][48][65] SWE: 425,000[25] NOR: 575,000[a][26][111] DEN: 465,000[29][122] SWI: 515,000[30] BEL: 325,000[a][34][35] AUT: 200,000[36] POL: 100,000[a][37] NZ: 267,500[a][39]"
,,,,Taylor Swift,200 million[126],United States,Pop / country / rock / folk / alternative[125],2006–present[124],,2006[124],"Total available certified units: 237.4 million US: 189.5 million[11] JPN: 3.3 million[12][60] GER: 2.050 million[13] UK: 22.160 million[14] FRA: 450,000[16] CAN: 6.060 million[17] AUS: 8.6 million[18] BRA: 670,000[20] ITA: 455,000[a][22] SPA: 140,000[23] SWE: 320,000[66] NOR: 1.2 million[26][111] DEN: 975,000[29] MEX: 510,000[52] AUT: 130,000[36] POL: 370,000[37] NZ: 592,500[39][40]"
,,,,Queen,200 million[129],United Kingdom,Rock[127],1971–present[127],,1973[127],"Total available certified units: 170.5 million US: 86.5 million[11] JPN: 3.8 million[a][12][60][128] GER: 12.525 million[a][13] UK: 42.610 million[a][14] FRA: 5.220 million[a][15][16][61] CAN: 2.470 million[a][17] AUS: 3.792 million[a][18][19] BRA: 970,000[a][20] NLD: 1.990 million[a][21] ITA: 1.870 million[a][22] SPA: 1.920 million[a][23][24][47][48] SWE: 190,000[a][25] NOR: 150,000[a][26] DEN: 1.025 million[29] SWI: 1.256 million[a][30] ARG: 1.080 million[a][31][32] BEL: 190,000[a][34][35] AUT: 900,000[a][36] POL: 940,000[a][37] FIN: 366,152[38] NZ: 515,000[a][39][40] POR: 222,000[a][41][117]"
,,,,Whitney Houston,200 million[134],United States,R&B / soul / pop / gospel[130],1977–2012[130],,1984[130],"Total available certified units: 155 million US: 107.375 million[11] JPN: 4.3 million[a][12][131] GER: 5.6 million[a][13] UK: 19.945 million[14] FRA: 3.625 million[15][16][61] CAN: 3.750 million[17] AUS: 2.245 million[a][18][19][132] BRA: 1.065 million[a][20] NLD: 780,000[21] ITA: 265,000[a][22] SPA: 1.260 million[23][24][47][48] SWE: 1.035 million[a][25] NOR: 480,000[a][26][79][54] DEN: 565,000[68][29][133] SWI: 915,000[a][30][133] ARG: 240,000[31] BEL: 480,000[a][34][35][79] AUT: 565,000[a][36] POL: 240,000[a][37] FIN: 247,222[38] NZ: 107,500[39]"
,,,,Eagles,200 million[137],United States,Rock[135],"1971–1980, 1994–present[135]",,1972[135],"Total available certified units: 152 million US: 127.9 million[11] JPN: 600,000[a][12] GER: 925,000[a][13] UK: 9.985 million[a][14] FRA: 2.040 million[a][15][16][61] CAN: 4.2 million[a][17] AUS: 4.025 million[a][18][136] NLD: 540,000[a][21] ITA: 200,000[a][22] SPA: 500,000[a][23][24] SWE: 140,000[a][25] DEN: 240,000[a][68][29] SWI: 290,000[a][30] FIN: 124,749[38] NZ: 367,500[a][39][40]"
,,,,Celine Dion,200 million[143]175 million[144],Canada,Pop/Rock[138],1981–present[138],,1981[d][138],"Total available certified units: 136.8 million US: 61.550 million[11] JPN: 7.150 million[a][12][139][140] GER: 8 million[13] UK: 15.715 million[14] FRA: 15.818 million[15][16][61][95] CAN: 12.485 million[17] AUS: 3.827 million[a][18][19] BRA: 505,000[a][20] NLD: 2.180 million[21] SPA: 1 million[48][65] SWE: 1.105 million[a][25] NOR: 860,000[a][26] DEN: 755,000[a][50][141][142][29] SWI: 1.685 million[a][30] ARG: 340,000[31] BEL: 2.160 million[a][34][35] AUT: 440,000[a][36] POL: 700,000[a][37] FIN: 356,183[38] NZ: 192,500[39][40]"
,,,,AC/DC,200 million[147]150 million[148],Australia,Hard rock / blues rock / rock and roll[145],1973–present[145],,1975[145],"Total available certified units: 128.4 million US: 87.2 million[11] GER: 10.5 million[a][13] UK: 8.365 million[14] FRA: 4.380 million[15][16] CAN: 2.490 million[a][17] AUS: 8.265 million[a][18] ITA: 1.060 million[a][22] SPA: 1.375 million[a][23][24][47][48][65] SWE: 350,000[a][25][66] DEN: 450,000[68][29][146] SWI: 914,000[a][30] MEX: 1.470 million[a][52] ARG: 594,000[a][31][32] BEL: 100,000[a][35] AUT: 395,000[a][36] POL: 115,000[a][37] FIN: 321,169[38] NZ: 140,000[a][39][40]"
,,,,The Rolling Stones,200 million[151],United Kingdom,Rock / blues rock[149],1962–present[149],,1963[149],"Total available certified units: 102.4 million US: 74.750 million[11] JPN: 950,000[a][12] GER: 3.8 million[a][13] UK: 11.770 million[a][14] FRA: 3.380 million[a][15][16][61] CAN: 3.025 million[a][17] AUS: 697,500[a][18] BRA: 100,000[a][20] NLD: 610,000[a][21] ITA: 375,000[a][22] SPA: 690,000[a][23][24][47][48][65] SWE: 310,000[a][25] NOR: 100,000[a][26] DEN: 125,000[a][29][150][146] SWI: 238,000[a][30] ARG: 718,000[a][31][32] BEL: 220,000[a][34][35] AUT: 300,000[a][36] POL: 140,000[a][37] NZ: 190,000[a][39][40]"
,,,,Drake,170 million[153],Canada,Hip-hop / R&B / pop[152],2001–present[152],,2009[152],"Total available certified units: 395.3 million US: 312.28 million[11] GER: 2.650 million[13] UK: 52.3 million[14] FRA: 3.399 million[16] CAN: 9.680 million[17] AUS: 5.505 million[18] BRA: 390,000[20] ITA: 1.860 million[22] SPA: 520,000[23] SWE: 1.310 million[25][66] DEN: 2.575 million[29] MEX: 1.2 million[52] BEL: 295,000[35] AUT: 112,500[36] POL: 390,000[37] NZ: 532,500[39] POR: 350,000[117]"
,,,,Garth Brooks,170 million[156],United States,Country[154],1989–present[154],,1989[154],"Total available certified units: 165.3 million US: 158.4 million[11] UK: 520,000[14] CAN: 5.730 million[17] AUS: 595,000[a][18][155] IRE: 120,000[a][105]"
,,,,Kanye West,160 million[159],United States,Hip-hop / electronic / pop[157],1996–present[157],,2003[157],"Total available certified units: 246.5 million US: 210.550 million[11] JPN: 200,000[12] GER: 1.750 million[13] UK: 26.820 million[14] FRA: 225,000[16] CAN: 1.5 million[17] AUS: 3.010 million[18] ITA: 515,000[a][22] SWE: 300,000[66] DEN: 1.580 million[68][29][158] NZ: 177,500[39][40]"
,,,,Justin Bieber,150 million[161],CanadaUnited States,Pop / teen pop / dance pop[160],2008–present[160],,2009[160],"Total available certified units: 263.5 million US: 174 million[11] JPN: 950,000[12][60] GER: 5.8 million[13] UK: 34.685 million[14] FRA: 2.247 million[16] CAN: 9.380 million[17] AUS: 8.680 million[18] BRA: 1 million[20] ITA: 2.965 million[22] SPA: 1.380 million[23] SWE: 2.910 million[25][66] NOR: 3.960 million[111] DEN: 5.255 million[29] SWI: 175,000[30] MEX: 6.650 million[52] BEL: 750,000[35] AUT: 327,500[36] POL: 870,000[37] NZ: 1.245 million[39] POR: 300,000[117]"
,,,,Ed Sheeran,150 million[163],United Kingdom,Pop / folk pop[162],2004–present[162],,2011[162],"Total available certified units: 240.5 million US: 101 million[11] JPN: 350,000[12][60] GER: 12.750 million[13] UK: 75.320 million[14] FRA: 3.456 million[16] CAN: 12.4 million[17] AUS: 13.725 million[18] BRA: 720,000[20] NLD: 370,000[21] ITA: 4.575 million[22] SPA: 1.280 million[23] SWE: 1.6 million[66] NOR: 395,000[111] DEN: 5.765 million[29] SWI: 675,000[30] MEX: 270,000[52] BEL: 860,000[35] AUT: 767,500[36] POL: 2.195 million[37] NZ: 1.740 million[39] POR: 305,000[117]"
,,,,Billy Joel,150 million[166],United States,Pop / rock[164],1964–present[164],,1971[164],"Total available certified units: 134.3 million US: 116.350 million[11] JPN: 2 million[a][12][165] GER: 1.250 million[a][13] UK: 8.215 million[a][14] FRA: 925,000[a][15][16][61] CAN: 3.275 million[a][17] AUS: 1.687 million[a][18][19] NLD: 350,000[a][21] AUT: 125,000[a][36] NZ: 162,500[a][39]"
,,,,U2,150 million[171],Ireland,Rock[167],1976–present[167],,1980[167],"Total available certified units: 114.5 million US: 53.1 million[11] JPN: 1.450 million[a][12] GER: 5.8 million[13] UK: 22.245 million[14] FRA: 5.325 million[15][16] CAN: 7.155 million[17] AUS: 4.622 million[a][18][19][168] BRA: 2.8 million[a][20] NLD: 1.240 million[21] ITA: 1.080 million[a][22] SPA: 2.295 million[23][24][47][48][65] SWE: 515,000[a][25] NOR: 150,000[a][26] DEN: 733,000[a][67][68][29][78][146] SWI: 771,000[a][30][54] MEX: 835,000[a][52] ARG: 966,000[31][32][169] BEL: 770,000[a][34][35] AUT: 522,500[a][36] POL: 370,000[a][37] FIN: 235,460[38] IRE: 316,000[a][105] NZ: 850,000[39][40] POR: 433,000[a][53][41][117][71][170]"
,,,,Aerosmith,150 million[174],United States,Hard rock[172],1970–present[172],,1973[172],"Total available certified units: 104.6 million US: 87.250 million[11] JPN: 2.7 million[a][12][60] GER: 2 million[a][13] UK: 5.310 million[14] FRA: 225,000[15][16][61] CAN: 3.950 million[a][17] AUS: 365,000[a][18][173] BRA: 600,000[a][20] NLD: 200,000[a][21] ITA: 170,000[a][22] SPA: 200,000[a][23][48] SWE: 260,000[a][25] NOR: 150,000[a][26] DEN: 195,000[a][29] SWI: 145,000[a][30] MEX: 230,000[a][52] ARG: 338,000[a][31][32] AUT: 125,000[a][36] POL: 100,000[a][37] FIN: 101,722[38]"
,,,,Barbra Streisand,150 million[176],United States,Pop / adult contemporary[175],1960–present[175],,1963[175],"Total available certified units: 98.3 million US: 82.450 million[11] GER: 750,000[a][13] UK: 5.825 million[a][14] FRA: 3.150 million[a][15][16][61] CAN: 2.650 million[a][17] AUS: 2.222 million[a][18] NLD: 710,000[a][21] SPA: 150,000[a][65] SWE: 120,000[25][66] FIN: 186,501[a][38] NZ: 142,500[a][39]"
,,,,Phil Collins,150 million[179],United Kingdom,Rock / progressive rock / adult contemporary[177],"1980–2011, 2015–present[177]",,1981[177],"Total available certified units: 96.8 million US: 43.350 million[11] JPN: 800,000[a][12] GER: 14.3 million[13] UK: 17.650 million[14] FRA: 6.410 million[15][16][61] CAN: 3.875 million[17] AUS: 1.595 million[a][18][19] BRA: 1.370 million[a][20] NLD: 1.150 million[21] ITA: 425,000[a][22][54] SPA: 2.150 million[23][24][48][65] SWE: 245,000[a][25] DEN: 280,000[a][29][178] SWI: 973,000[a][30] ARG: 1.144 million[31][32] BEL: 355,000[a][34][35] AUT: 465,000[a][36] FIN: 182,581[38] NZ: 140,000[39][40]"
,,,,ABBA,150 million[189]100 million[190],Sweden,Pop / disco[180],"1972–1982, 2016–present[180]",,1972[180],"Total available certified units: 68.3 million US: 12.7 million[11] JPN: 1.5 million[a][60][181][182] GER: 11.1 million[a][13] UK: 24.240 million[a][14] FRA: 2.850 million[a][15][16][61] CAN: 2.785 million[a][17] AUS: 5.627 million[a][18][183] BRA: 275,000[a][20] NLD: 1.390 million[a][21] ITA: 175,000[a][22] SPA: 1.005 million[a][23][47] SWE: 860,000[a][25] DEN: 955,000[a][29][184][185][186] SWI: 600,000[a][30] MEX: 260,000[a][52] ARG: 238,000[a][31][32] BEL: 400,000[a][34][35] AUT: 197,500[a][36] POL: 230,000[a][37] FIN: 656,319[38] NZ: 297,500[a][40][187][188]"
,,,,Katy Perry,143 million[192],United States,Pop[191],2001–present[191],,2008[191],"Total available certified units: 171 million US: 127.4 million[11] JPN: 400,000[12][60] GER: 4 million[13] UK: 17.710 million[14] FRA: 867,000[16] CAN: 6.360 million[17] AUS: 6.840 million[18] BRA: 685,000[20] ITA: 930,000[a][22] SPA: 180,000[23] SWE: 600,000[25][66] NOR: 2.450 million[111] DEN: 600,000[67][29] SWI: 160,000[30] MEX: 1.080 million[52] BEL: 135,000[35] AUT: 247,500[36] NZ: 360,000[39][40]"
,,,,Chris Brown,140 million[194],United States,Pop / R&B / hip-hop[193],2005–present[193],,2005[193],"Total available certified units: 195.7 million US: 162.850 million[11] JPN: 500,000[60] GER: 800,000[13] UK: 20.080 million[14] CAN: 1.910 million[17] AUS: 5.985 million[18] BRA: 670,000[20] SPA: 140,000[23] ITA: 175,000[22] SWE: 370,000[66] NOR: 315,000[111] DEN: 897,500[29] MEX: 610,000[52] NZ: 422,500[39][40]"
,,,,Bruce Springsteen,135 million[197],United States,Rock[195],1972–present[195],,1973[195],"Total available certified units: 126.5 million US: 94.650 million[11] JPN: 400,000[a][12] GER: 4.425 million[a][13] UK: 10.950 million[14] FRA: 1.937 million[15][16][61] CAN: 3.2 million[a][17] AUS: 3.537 million[a][18] BRA: 100,000[a][20] NLD: 740,000[a][21] ITA: 740,000[a][22] SPA: 1.770 million[a][23][24][47][48][65] SWE: 810,000[a][25][66] NOR: 340,000[a][26][54] DEN: 575,000[a][67][29][87][196] SWI: 535,000[a][30][54] MEX: 280,000[a][52] BEL: 230,000[35][79] AUT: 290,000[a][36] FIN: 449,800[38] IRE: 189,500[a][105] NZ: 375,000[39][40]"
,,,,Bruno Mars,130 million[201],United States,Pop rock / R&B[198],2004–present[198],,2010[198],"Total available certified units: 198.5 million US: 146.5 million[11] JPN: 1.2 million[12][60] GER: 3.8 million[13] UK: 23.8 million[14] FRA: 2.150 million[16] CAN: 7 million[17] AUS: 6.965 million[18] NLD: 105,000[21] ITA: 1.160 million[a][22] SPA: 510,000[23] SWE: 440,000[25][66] DEN: 1.390 million[a][29][199] SWI: 415,000[30] MEX: 1.230 million[52] BEL: 360,000[35] AUT: 180,000[36] POL: 145,000[a][37] NZ: 712,500[39] PHL: 330,000[200] POR: 107,500[117]"
,,,,Jay-Z,125 million[203],United States,Hip-hop[202],1996–present[202],,1996[202],"Total available certified units: 134.9 million US: 108.7 million[11] JPN: 1.050 million[60] GER: 2.3 million[13] UK: 17.180 million[14] FRA: 650,000[16] CAN: 1.730 million[17] AUS: 1.890 million[18] BRA: 110,000[20] ITA: 335,000[a][22] SPA: 380,000[23] SWE: 210,000[25][66] DEN: 275,000[67][29] BEL: 100,000[35]"
,,,,Metallica,125 million[206],United States,Heavy metal / thrash metal[204],1981–present[204],,1983[204],"Total available certified units: 105.3 million US: 73.3 million[11] JPN: 900,000[a][12] GER: 10.025 million[13] UK: 5.335 million[14] FRA: 940,000[15][16] CAN: 3.885 million[17] AUS: 3.267 million[a][18][19][205] BRA: 380,000[a][20] NLD: 460,000[21] ITA: 265,000[a][22] SPA: 420,000[23][48][65] SWE: 675,000[a][25] NOR: 320,000[a][26][111] DEN: 500,000[29][68] SWI: 560,000[a][30] MEX: 430,000[a][52] ARG: 874,000[31][32] BEL: 385,000[a][34][35] AUT: 340,000[a][36] POL: 1.195 million[a][37] FIN: 530,676[38] NZ: 315,000[39][40]"
,,,,Lady Gaga,124 million[208],United States,Pop / dance / electronic[207],2005–present[207],,2008[207],"Total available certified units: 157.2 million US: 105 million[11] JPN: 5.4 million[12][60] GER: 4.5 million[13] UK: 20.785 million[14] FRA: 3.303 million[16] CAN: 3.6 million[17] AUS: 4.440 million[18] BRA: 470,000[20] NLD: 130,000[21] ITA: 1.615 million[a][22] SPA: 630,000[23] SWE: 680,000[25][66] NOR: 2.470 million[26][111] DEN: 1.025 million[68][29][28] SWI: 535,000[30] MEX: 420,000[52] BEL: 485,000[35] AUT: 227,500[36] POL: 730,000[37] IRE: 165,000[105] NZ: 472,500[39][40] POR: 120,000[41][117]"
,,,,Lil Wayne,120 million[210],United States,Hip-hop[209],1996–present[209],,1999[209],"Total available certified units: 164.7 million US: 156 million[11] GER: 300,000[13] UK: 6.6 million[14] FRA: 100,000[16] CAN: 360,000[17] AUS: 1.2 million[18] DEN: 190,000[29]"
,,,,Maroon 5,120 million[212],United States,Pop rock / funk rock / dance-pop[211],1994–present[211],,2002[211],"Total available certified units: 142.5 million US: 98.5 million[11] JPN: 2.250 million[12][60] GER: 3.150 million[13] UK: 17 million[14] FRA: 1.625 million[16] CAN: 5.965 million[17] AUS: 4.305 million[18] BRA: 1.050 million[20] ITA: 1.315 million[a][22] SPA: 350,000[a][23] SWE: 850,000[25][66] DEN: 1.127 million[a][29][68][67] MEX: 4.055 million[52] SWI: 100,000[30] BEL: 185,000[35] POL: 240,000[37] NZ: 450,000[39]"
,,,,Adele,120 million[214],United Kingdom,Pop / soul[213],2006–present[213],,2008[213],"Total available certified units: 129.5 million US: 66.5 million[11] JPN: 100,000[12] GER: 4.7 million[13] UK: 31.850 million[14] FRA: 605,000[16] CAN: 8.380 million[17] AUS: 4.480 million[18] BRA: 1.950 million[20] NLD: 380,000[21] ITA: 1.795 million[a][22] SPA: 860,000[23] SWE: 510,000[25][66] NOR: 835,000[26][111] DEN: 1.567 million[67][29] MEX: 2.370 million[52] SWI: 580,000[30] BEL: 835,000[35] POL: 340,000[37] FIN: 151,639[38] NZ: 727,500[39]"
,,,,Beyoncé,120 million[220],United States,R&B / pop[215],1997–present[215],,2002[215][216],"Total available certified units: 110.9 million US: 66.950 million[11] JPN: 1.7 million[12][60] GER: 1.7 million[13] UK: 25.970 million[14] FRA: 560,000[16][95] CAN: 1.675 million[17] AUS: 7.375 million[18] BRA: 920,000[20] NLD: 135,000[21] ITA: 465,000[a][22] SPA: 1.310 million[a][23][217] SWE: 340,000[25][66] NOR: 235,000[26][111] DEN: 724,000[68][29][87][28][218][219] SWI: 165,000[30] MEX: 140,000[52] BEL: 155,000[35] POL: 150,000[37] NZ: 262,500[39][40]"
,,,,Fleetwood Mac,120 million[224],United Kingdom United States,Rock / pop[221],1967–present[221],,1968[221],"Total available certified units: 93.7 million US: 56.250 million[11] GER: 3.5 million[a][13] UK: 24.925 million[a][14] FRA: 800,000[a][15][16] AUS: 3.327 million[a][18][19] CAN: 2.950 million[a][17] NLD: 590,000[a][21] SPA: 300,000[a][48][65] SWI: 100,000[a][30] DEN: 220,000[a][29] BEL: 100,000[a][35] NZ: 732,500[a][40][222][223]"
,,,,Rod Stewart,120 million[228],United Kingdom,Rock / pop[225],1964–present[225],,1969[225],"Total available certified units: 84.9 million US: 46.650 million[11] JPN: 500,000[a][12] GER: 4.050 million[a][13] UK: 20.750 million[a][14] FRA: 1.8 million[a][15][16][61] CAN: 4.055 million[a][17] AUS: 3.660 million[a][18][19] BRA: 980,000[a][20] NLD: 140,000[a][21] SPA: 290,000[a][23][24][47] SWE: 440,000[a][25] DEN: 120,000[a][29][226][227] SWI: 100,000[a][30] ARG: 524,000[a][31][32] AUT: 175,000[a][36][79][54] POL: 220,000[a][37] IRE: 195,000[a][105] NZ: 285,000[a][39][40]"
,,,,Bee Gees,120 million[234],United Kingdom Australia[229][230],Pop / disco[231],1963–20032009–2012[231],,1963[231],"Total available certified units: 74.5 million US: 42.5 million[11] JPN: 300,000[a][12][232][233] GER: 7.175 million[a][13] UK: 12.325 million[a][14] FRA: 3.4 million[a][15][16][61] CAN: 4.215 million[a][17] AUS: 1.987 million[a][18] BRA: 350,000[a][20] ITA: 135,000[a][22] NLD: 540,000[a][21] SPA: 450,000[a][24][47][65] SWI: 415,000[a][30] ARG: 188,000[a][31][32] AUT: 125,000[a][36] POL: 100,000[a][37] NZ: 380,000[a][39][40]"
,,,,Nicki Minaj,100 million[236],United States,Hip-hop / pop[235],2008–present[235],,2010[235],"Total available certified units: 152.3 million US: 111.960 million[11] JPN: 550,000[60] GER: 2.450 million[13] UK: 18.6 million[14] FRA: 1.099 million[16] CAN: 2.960 million[17] AUS: 4.2 million[18] BRA: 310,000[20] ITA: 775,000[22] SPA: 580,000[23] SWE: 420,000[25][66] NOR: 595,000[111] DEN: 340,000[29] SWI: 180,000[30] MEX: 6.9 million[52] POL: 185,000[37] NZ: 247,500[39]"
,,,,Coldplay,100 million[239],United Kingdom,Alternative rock / pop rock / pop[237],1996–present[237],,1999[237],"Total available certified units: 104.9 million US: 37.6 million[11] JPN: 750,000[12][60] GER: 5.250 million[13] UK: 36.105 million[14] FRA: 3.353 million[16] CAN: 3.810 million[17] AUS: 4.215 million[18] BRA: 360,000[20] NLD: 410,000[21] ITA: 3.575 million[a][22] SPA: 1.060 million[23] SWE: 750,000[25][66] NOR: 260,000[26][111] DEN: 1.599 million[67][29] SWI: 580,000[30] MEX: 2.4 million[52] ARG: 528,000[31][32] BEL: 785,000[35] AUT: 227,500[36] POL: 570,000[a][37] IRE: 210,000[a][105] NZ: 352,500[39] POR: 241,500[a][41][117][238]"
,,,,Red Hot Chili Peppers,100 million[242],United States,Funk rock / alternative rock[240],1983–present[240],,1987[240],"Total available certified units: 99.4 million US: 66.250 million[11] JPN: 2.6 million[a][12][60] GER: 3.450 million[13] UK: 14.795 million[14] FRA: 1.470 million[16] CAN: 2.020 million[17] AUS: 2.625 million[a][18][19][241] BRA: 1 million[a][20] NLD: 660,000[21] ITA: 735,000[a][22] SPA: 640,000[23][48][65] SWE: 390,000[a][25] DEN: 720,000[a][67][68][87][29] SWI: 405,000[a][30] MEX: 150,000[a][52] BEL: 195,000[a][35] ARG: 406,000[31][32] AUT: 247,500[a][36] POL: 270,000[a][37] FIN: 171,951[38] NZ: 285,000[39][40]"
,,,,Linkin Park,100 million[244],United States,Alternative rock / nu metal / rap rock[243],1996–present[243],,2000[243],"Total available certified units: 99.3 million US: 70.1 million[11] JPN: 1.550 million[12][60] GER: 6.2 million[13] UK: 13.085 million[14] FRA: 1.025 million[16] CAN: 1.330 million[17] AUS: 1.485 million[18] BRA: 670,000[20] ITA: 1.045 million[a][22] SPA: 200,000[23] SWE: 165,000[25][66] DEN: 530,000[67][29] SWI: 435,000[30] MEX: 225,000[52] ARG: 108,000[31][32] BEL: 140,000[35] AUT: 260,000[36] POL: 245,000[37] FIN: 120,469[38] NZ: 260,000[39][40] POR: 140,000[a][41][117][238]"
,,,,Britney Spears,100 million[247],United States,Pop / dance / dance-pop[245],1998–present[245],,1998[245],"Total available certified units: 88.5 million US: 46.7 million[11] JPN: 2.1 million[12][131] GER: 5.350 million[13] UK: 15.350 million[14] FRA: 3.882 million[15][16][61] CAN: 3.840 million[17] AUS: 3.2 million[18] BRA: 380,000[20] NLD: 665,000[21] ITA: 315,000[a][22] SPA: 990,000[23][48][65] SWE: 1.010 million[25][66] NOR: 220,000[26][111] DEN: 555,000[a][67][68][246] SWI: 485,000[30] MEX: 1.205 million[a][52] ARG: 428,000[31][32] BEL: 940,000[34][35] AUT: 365,000[36] POL: 210,000[37] FIN: 143,627[38] NZ: 240,000[39][40]"
,,,,Pink,100 million[249],United States,Pop / pop rock / R&B[248],1995–present[248],,2000[248],"Total available certified units: 88.8 million US: 34.225 million[11] JPN: 400,000[12] GER: 6.325 million[13] UK: 22.265 million[14] FRA: 1.398 million[16][61] CAN: 7.210 million[17] AUS: 10.570 million[18] BRA: 1.530 million[20] NLD: 215,000[21] ITA: 450,000[a][22] SWE: 710,000[25] NOR: 215,000[26][111] DEN: 426,500[67][29] SWI: 675,000[30] MEX: 720,000[52] BEL: 275,000[35] AUT: 447,500[36] POL: 220,000[37] NZ: 532,500[39][40]"
,,,,Bon Jovi,100 million[253],United States,Hard rock / glam metal[250],1983–present[250],,1983[250],"Total available certified units: 88.2 million US: 49.9 million[11] JPN: 4.4 million[a][12][60] GER: 5.650 million[13] UK: 11.990 million[14] FRA: 825,000[15][16][61] CAN: 4.735 million[17] AUS: 3.695 million[a][18][251][252] BRA: 435,000[a][20] NLD: 710,000[21] ITA: 190,000[a][22] SPA: 1.620 million[23][24][47][48][65] SWE: 365,000[a][25][66] DEN: 125,000[a][68][29] SWI: 1.275 million[a][30] MEX: 250,000[a][52] ARG: 358,000[31][32] BEL: 290,000[a][34][35] AUT: 725,000[a][36] POL: 120,000[a][37] FIN: 422,500[38] NZ: 210,000[39][40]"
,,,,B'z,100 million[255],Japan,Rock / pop rock / hard rock[254],1988–present[254],,1988[254],Total available certified units: 86.2 million JPN: 86.250 million[a][12][60][120]
,,,,George Strait,100 million[257],United States,Country[256],1981–present[256],,1984[256],"Total available certified units: 85.3 million US: 84.650 million[11] CAN: 745,000[17]"
,,,,Shania Twain,100 million[259],Canada,Country pop[258],1993–present[258],,1993[258],"Total available certified units: 80.8 million US: 56.5 million[11] JPN: 400,000[12][60] GER: 1.750 million[13] UK: 8.555 million[14] FRA: 975,000[16][61] CAN: 6.880 million[17] AUS: 2.360 million[a][18] BRA: 475,000[20] NLD: 540,000[21] SPA: 100,000[65] SWE: 330,000[25] NOR: 430,000[26] DEN: 210,000[a][67][29] SWI: 310,000[30] MEX: 100,000[a][52] ARG: 120,000[31] BEL: 250,000[a][34][35] AUT: 115,000[36] NZ: 402,500[39][40]"
,,,,Guns N' Roses,100 million[262],United States,Hard rock / heavy metal[260],1985–present[260],,1987[260],"Total available certified units: 80 million US: 48.5 million[11] JPN: 1.7 million[a][12] GER: 4.1 million[13] UK: 9.250 million[14] FRA: 1 million[16] CAN: 3.520 million[17] AUS: 3.190 million[a][18][19][136] BRA: 1.9 million[a][20] NLD: 705,000[21] ITA: 750,000[a][22] SPA: 450,000[23][24][47] SWE: 485,000[25] NOR: 250,000[a][26] DEN: 530,000[a][29][261] SWI: 365,000[a][30] MEX: 760,000[a][52] ARG: 1.248 million[a][31][32] BEL: 165,000[a][34][35] AUT: 365,000[36] POL: 160,000[a][37] IRE: 105,000[a][105] FIN: 267,540[38] NZ: 270,000[39][40]"
,,,,Backstreet Boys,100 million[267],United States,Pop[263],1993–present[263],,1995[263],"Total available certified units: 78 million US: 44.5 million[11] JPN: 5.4 million[12][60][264] GER: 7 million[13] UK: 5.075 million[14] FRA: 325,000[15][16] CAN: 3.630 million[17] AUS: 2.485 million[a][18] BRA: 1.625 million[20] NLD: 830,000[21] SPA: 1.850 million[48][65] SWE: 655,000[25] NOR: 140,000[26] DEN: 465,000[a][265][266][29] SWI: 415,000[30] MEX: 1.475 million[a][52] ARG: 740,000[31] BEL: 450,000[a][34][35] AUT: 325,000[36] POL: 300,000[37] FIN: 171,390[38] NZ: 132,500[39]"
,,,,Eric Clapton,100 million[270],United Kingdom,Rock / blues[268],1962–present[268],,1970[268],"Total available certified units: 71.6 million US: 47.7 million[11] JPN: 3.950 million[a][12] GER: 3.030 million[13] UK: 7.790 million[a][14] FRA: 1.475 million[a][15][16][61] CAN: 2.275 million[a][17] AUS: 1.115 million[a][18] BRA: 715,000[a][20] NLD: 745,000[a][21] ITA: 120,000[a][22] SPA: 700,000[a][47][48][65] SWE: 320,000[a][25][66] DEN: 170,000[a][269][29] SWI: 385,000[a][30] ARG: 420,000[a][31][32] BEL: 125,000[a][35] AUT: 285,000[a][36] POL: 145,000[37] FIN: 129,679[a][38] NZ: 102,500[a][39]"
,,,,Neil Diamond,100 million[273],United States,Pop / rock[271],1966–present[271],,1966[271],"Total available certified units: 70.7 million US: 55.9 million[11] GER: 1 million[a][13] UK: 9.070 million[a][14] FRA: 400,000[a][15] CAN: 1.725 million[a][17] AUS: 2.190 million[a][18][272] NLD: 250,000[a][21] SPA: 100,000[a][47] NZ: 132,500[a][39][40]"
,,,,Prince,100 million[275],United States,Funk / R&B / pop / soul / rock[274],1976–2016[274],,1978[274],"Total available certified units: 66.1 million US: 48.950 million[11] JPN: 300,000[a][12] GER: 2.4 million[13] UK: 8.045 million[14] FRA: 2.110 million[15][16] CAN: 1 million[17] AUS: 1.120 million[a][18][19] NLD: 670,000[a][21] SPA: 700,000[a][24][47][48][65] SWE: 100,000[25] DEN: 130,000[a][29] SWI: 300,000[a][30][54] AUT: 150,000[a][36][54] NZ: 182,500[a][39]"
,,,,Paul McCartney,100 million[278],United Kingdom,Rock[276],1960–present[276],,1970[276],"Total available certified units: 64.8 million US: 43.450 million[11] JPN: 500,000[a][12] GER: 1.925 million[a][13] UK: 13.725 million[a][14] FRA: 1.305 million[a][15][16][61] CAN: 1.955 million[a][17] AUS: 745,000[a][18][19] SPA: 640,000[a][24][47] SWE: 210,000[a][66][277] DEN: 405,000[a][68][29]"
,,,,Kenny Rogers,100 million[281],United States,Country / pop[279],1958–2020[279],,1975[279],"Total available certified units: 64.1 million US: 55.550 million[11] JPN: 100,000[a][280] UK: 3.320 million[14] CAN: 4.740 million[17] AUS: 175,000[a][18] SPA: 100,000[a][47] NZ: 130,000[a][39]"
,,,,Santana,100 million[283],United States,Rock[282],1966–present[282],,1969[282],"Total available certified units: 62.8 million US: 47.475 million[11] JPN: 400,000[a][12] GER: 2.4 million[a][13] UK: 3.480 million[a][14] FRA: 3.510 million[a][15][16][61] CAN: 1.660 million[a][17] AUS: 855,000[a][18] BRA: 375,000[a][20] NLD: 540,000[a][21] SPA: 450,000[a][48][65] SWE: 125,000[a][25] SWI: 375,000[a][30] MEX: 405,000[a][52] ARG: 158,000[a][31][32] BEL: 190,000[a][34][35] AUT: 145,000[a][36] POL: 205,000[a][37] NZ: 135,000[a][39][40]"
,,,,Simon & Garfunkel,100 million[285],United States,Folk rock[284],1956–2004[284],,1964[284],"Total available certified units: 62.1 million US: 42.6 million[11] JPN: 700,000[a][12] GER: 2.325 million[a][13] UK: 9.4 million[a][14] FRA: 3.9 million[a][15] CAN: 1.425 million[a][17] AUS: 390,000[a][18][19] NLD: 300,000[a][21] ITA: 125,000[a][22] SWE: 150,000[a][25] NOR: 140,000[a][26] SWI: 450,000[a][30] AUT: 100,000[a][36] FIN: 163,350[a][38]"
,,,,Janet Jackson,100 million[287],United States,R&B / pop[286],1982–present[286],,1982[286],"Total available certified units: 53.3 million US: 40.250 million[11] JPN: 1.6 million [a][12] GER: 1.4 million[13] UK: 4.960 million[14] FRA: 1.475 million[15][16][61] CAN: 1.460 million[17] AUS: 1.190 million[a][18][19] NLD: 400,000[21] SPA: 150,000[48][65] SWE: 105,000[a][25] SWI: 170,000[a][30] BEL: 175,000[a][34]"
,,,,Julio Iglesias,100 million[291],Spain,Latin[288],1968–present[288],,1968[288],"Total available certified units: 51.7 million US: 11 million[11] JPN: 800,000[a][289] GER: 250,000[a][13] UK: 1.620 million[a][14][289] FRA: 6.1 million[15][16][61][289] CAN: 1.5 million[17] AUS: 505,000[a][18][289] BRA: 12.475 million[a][20][289] NLD: 1.2 million[a][21][289] ITA: 435,000[a][22][289] SPA: 8.8 million[a][23][24][47][48][65][289] SWE: 290,000[a][25][289] MEX: 2.975 million[a][52][289] ARG: 3.220 million[a][31][289][33] BEL: 125,000[a][289][35] FIN: 131,636[a][38] POR: 288,000[a][53][41][54][289][290]"
,,,,Dire Straits,100 million[293],United Kingdom,Rock[292],1977–1995[292],,1978[292],"Total available certified units: 51.5 million US: 15.5 million[11] GER: 3.750 million[13] UK: 13.625 million[14] FRA: 7.305 million[15][16] CAN: 2.575 million[17] AUS: 2.190 million[a][18][19] BRA: 175,000[a][20] NLD: 900,000[21] ITA: 1.135 million[a][22][54] SPA: 1.380 million[a][23][24][47][48] SWE: 360,000[a][25] DEN: 430,000[a][68][67][29] SWI: 1 million[a][30] BEL: 175,000[a][34][35][79] AUT: 400,000[a][36][54] FIN: 471,530[38] NZ: 155,000[a][40]"
,,,,The Doors,100 million[295],United States,Psychedelic rock[294],1965–1973[294],,1967[294],"Total available certified units: 50.4 million US: 38.6 million[11] GER: 1.750 million[a][13] UK: 2.840 million[a][14] FRA: 2.2 million[a][15][16] CAN: 2.780 million[a][17] AUS: 1.267 million[a][18] BRA: 100,000[20] ITA: 255,000[a][22] SPA: 300,000[a][47][65] SWI: 125,000[a][30] ARG: 150,000[a][31] AUT: 125,000[a][36][79]"
,,,,Chicago,100 million[298],United States,Rock / pop[296],1967–present[296],,1969[296],"Total available certified units: 48.5 million US: 44.150 million[11] JPN: 400,000[a][12][297] GER: 250,000[a][13] UK: 1.490 million[a][14] FRA: 100,000[a][15] CAN: 1.865 million[17] AUS: 105,000[a][18] NLD: 100,000[a][21] SPA: 100,000[a][24]"
,,,,Bob Dylan,100 million[300],United States,Folk / rock[299],1959–present[299],,1963[299],"Total available certified units: 47.9 million US: 35.6 million[11] GER: 625,000[a][13] UK: 7.990 million[a][14] FRA: 800,000[a][15][16] CAN: 1.5 million[a][17] AUS: 690,000[a][18] ITA: 170,000[a][22] NOR: 250,000[a][26] SWI: 175,000[a][30] NZ: 105,000[a][39]"
,,,,Cher,100 million[307],United States,Pop / rock / dance / folk[301],1964–present[301],,1965[301],"Total available certified units: 43.1 million US: 21.9 million[11] JPN: 100,000[a][12] GER: 4.175 million[a][13] UK: 8.290 million[a][14] FRA: 1.525 million[a][16][61] CAN: 1.380 million[a][17] AUS: 1.530 million[a][18][302] BRA: 125,000[a][20] NLD: 375,000[a][21][303][304] ITA: 325,000[a][305][22] SPA: 600,000[a][48][65][305] SWE: 850,000[a][25][66] NOR: 115,000[a][26] DEN: 460,000[a][305][29] SWI: 295,000[a][30] MEX: 200,000[a][52] ARG: 106,000[a][31] BEL: 275,000[a][34] AUT: 250,000[a][36] POL: 100,000[a][37] NZ: 150,000[39][306]"
,,,,Def Leppard,100 million[310],United Kingdom,Hard rock / heavy metal[308],1977–present[308],,1979[308],"Total available certified units: 42.6 million US: 36.150 million[11] JPN: 300,000[a][12] UK: 2.120 million[14] FRA: 200,000[15] CAN: 2.995 million[17] AUS: 407,500[19][309] SWE: 150,000[a][25] SWI: 125,000[a][30] MEX: 200,000[a][52]"
,,,,Genesis,100 million[312],United Kingdom,Progressive rock / pop rock[311],1967–19992006–present[311],,1969[311],"Total available certified units: 40.3 million US: 21.650 million[11] JPN: 100,000[a][12] GER: 5.875 million[a][13] UK: 7.565 million[a][14] FRA: 3.260 million[a][15][16] CAN: 805,000[a][17] NLD: 300,000[a][21] SPA: 250,000[a][23][24][47] SWE: 100,000[a][25] SWI: 450,000[a][30][54]"
,,,,David Bowie,100 million[314],United Kingdom,Art rock / glam rock / pop[313],1962–2016[313],,1967[313],"Total available certified units: 39.5 million US: 13.7 million[11] JPN: 200,000[a][12] GER: 525,000[a][13] UK: 17.995 million[a][14] FRA: 2.430 million[a][15][16][61] CAN: 2.315 million[a][17] AUS: 845,000[a][18][77] NLD: 465,000[a][21] ITA: 570,000[a][22] SPA: 170,000[a][23][24][47] DEN: 200,000[a][29] NZ: 142,500[a][39]"
,,,,Stevie Wonder,100 million[316],United States,Funk / R&B / soul[315],1961–present[315],,1962[315],"Total available certified units: 38.7 million US: 21.650 million[11] JPN: 1.050 million[a][12] GER: 750,000[a][13] UK: 11.645 million[a][14] FRA: 1.4 million[a][15][61] CAN: 1.550 million[17] NLD: 250,000[a][21] ITA: 100,000[a][22] SPA: 250,000[a][47] DEN: 135,000[a][29]"
,,,,James Taylor,100 million[318],United States,Rock / pop[317],1968–present[317],,1970[317],"Total available certified units: 36.5 million US: 35.250 million[11] UK: 1.055 million[a][14] CAN: 100,000[a][17] AUS: 100,000[a][18]"
,,,,Tina Turner,100 million[321],United States,Rock / pop[320],1958–2009[319],,1960[320],"Total available certified units: 36.2 million US: 12.7 million[11] GER: 6.3 million[13] UK: 10.235 million[14] FRA: 1.135 million[15][16][61] CAN: 1.6 million[17] AUS: 480,000[a][18][19] NLD: 565,000[a][21] SPA: 700,000[a][23][24][47][48] SWE: 330,000[a][25] NOR: 185,000[a][26] SWI: 675,000[a][30] BEL: 190,000[a][34][35] AUT: 745,000[a][36][79] POL: 140,000[a][37] FIN: 241,954[38]"
,,,,Olivia Newton-John,100 million[324],Australia,Pop[322],1966–present[322],,1966[322],"Total available certified units: 36.1 million US: 27 million[11] JPN: 100,000[a][12] GER: 500,000[a][13] UK: 3.950 million[a][14] FRA: 1 million[61] CAN: 3.025 million[a][17] AUS: 450,000[a][18][19][323] NLD: 150,000[a][21]"
,,,,Linda Ronstadt,100 million[326],United States,Rock / folk / country[325],1967–present[325],,1968[325],"Total available certified units: 33.2 million US: 31.5 million[11] UK: 435,000[a][14] FRA: 100,000[a][15] CAN: 500,000[a][17] AUS: 665,000[a][18]"
,,,,The Beach Boys,100 million[328],United States,Rock / pop / surf rock[327],1961–present[327],,1962[327],"Total available certified units: 32.5 million US: 25.6 million[11] GER: 250,000[a][13] UK: 5.410 million[a][14] FRA: 400,000[a][15][16][61] CAN: 100,000[a][17] AUS: 492,500[a][18][19] SPA: 250,000[a][47][48]"
,,,,Donna Summer,100 million[330],United States,Pop / disco / R&B[329],1968–2012[329],,1974[329],"Total available certified units: 31.3 million US: 24.5 million[11] UK: 4.055 million[a][14] FRA: 900,000[a][15][16] CAN: 1.550 million[a][17] BRA: 100,000[a][20] NLD: 100,000[a][21] SPA: 100,000[a][48]"
,,,,Alicia Keys,90 million[332],United States,Hip-hop / R&B / pop[331],1996–present[331],,2001[331],"Total available certified units: 77.6 million US: 58.050 million[11] JPN: 1.050 million[12][60] GER: 2.050 million[13] UK: 9.220 million[14] FRA: 1.127 million[16] CAN: 1.6 million[17] AUS: 2.170 million[18] NLD: 460,000[21] ITA: 310,000[a][22] SPA: 260,000[23] SWE: 200,000[25][66] DEN: 277,500[a][29][67] SWI: 275,000[30] MEX: 240,000[52] BEL: 185,000[35] AUT: 115,000[36] POL: 100,000[37]"
,,,,The Carpenters,90 million[335],United States,Pop[333],1969–1983[333],,1969[333],"Total available certified units: 46.7 million US: 34.6 million[11] JPN: 3.050 million[a][12][140][334] GER: 250,000[a][13] UK: 8.450 million[a][14] CAN: 275,000[a][17] BRA: 100,000[a][20]"
,,,,"Earth, Wind & Fire",90 million[339],United States,Funk / R&B / soul[336],1969–present[336],,1971[336],"Total available certified units: 44.1 million US: 37.7 million[11] JPN: 500,000[a][12][337][338] UK: 3,985 million[14] FRA: 500,000[15][16] CAN: 360,000[17] AUS: 420,000[a][18] NLD: 250,000[a][21] DEN: 180,000[a][29] MEX: 210,000[a][52]"
,,,,Lionel Richie,90 million[342],United States,Pop / R&B[340],1968–present[340],,1981[340],"Total available certified units: 43 million US: 28.650 million[11] GER: 1.050 million[a][13] UK: 8.155 million[a][14] FRA: 1.4 million[a][15][16] CAN: 2.380 million[a][17] AUS: 260,000[a][18][341] BRA: 100,000[a][20] NLD: 605,000[21] SPA: 150,000[24][47] SWI: 170,000[a][30][54] BEL: 100,000[79]"
,,,,Johnny Cash,90 million[344],United States,Country / rock and roll / gospel[343],1954–2003[343],,1956[343],"Total available certified units: 32.2 million US: 25.7 million[11] GER: 550,000[a][13] UK: 5.010 million[a][14] CAN: 490,000[a][17] AUS: 522,500[a][18]"
,,,,Justin Timberlake,88 million[346],United States,Pop / R&B / neo soul[345],1992–present[345],,2002[345],"Total available certified units: 82.4 million US: 50.2 million[11] JPN: 200,000[12][60] GER: 3.5 million[13] UK: 17.070 million[14] FRA: 778,000[16][61] CAN: 3.360 million[17] AUS: 2.915 million[18] BRA: 105,000[20] NLD: 185,000[21] ITA: 520,000[a][22] SPA: 220,000[65] SWE: 560,000[25] DEN: 1.070 million[67][29] SWI: 250,000[30] MEX: 710,000[52] BEL: 325,000[35] POL: 240,000[37] NZ: 227,500[39]"
,,,,Ariana Grande,85 million[348],United States,Pop / R&B[347],2008–present[347],,2013[347],"Total available certified units: 140.1 million US: 87 million[11] JPN: 1.3 million[12][60] GER: 2.5 million[13] UK: 23.6 million[14] FRA: 1.674 million[16] CAN: 7.320 million[17] AUS: 4.695 million[18] BRA: 1.560 million[20] NLD: 140,000[21] ITA: 1.375 million[22] SPA: 380,000[65] SWE: 710,000[25] NOR: 3.180 million[111] DEN: 1.340 million[29] SWI: 460,000[30] MEX: 810,000[52] BEL: 270,000[35] AUT: 120,000[36] POL: 1 million[37] NZ: 502,500[39] POR: 185,000[117]"
,,,,R.E.M.,85 million[350],United States,Alternative rock[349],1980–2011[349],,1983[349],"Total available certified units: 45.3 million US: 21.650 million[11] GER: 4.275 million[13] UK: 10.460 million[14] FRA: 1.450 million[15][16] CAN: 2.650 million[17] AUS: 1.030 million[a][18][19] BRA: 100,000[a][20] NLD: 100,000[21] ITA: 255,000[a][22] SPA: 1.1 million[23][24][48][65] SWE: 500,000[a][25] NOR: 135,000[a][26] DEN: 290,000[a][67][68][29] SWI: 450,000[a][30] ARG: 158,000[a][31][32] BEL: 210,000[a][34][35] AUT: 350,000[a][36] IRE: 127,500[a][105] NZ: 105,000[39]"
,,,,Post Malone,80 million[352],United States,Pop / R&B / hip-hop[351],2013–present[351],,2015[351],"Total available certified units: 171.1 million US: 121.5 million[11] GER: 2.4 million[13] UK: 18.9 million[14] FRA: 1.366 million[16] CAN: 13.440 million[17] AUS: 6.3 million[18] BRA: 1.2 million[20] ITA: 810,000[22] SWE: 900,000[25] NOR: 420,000[111] DEN: 2.020 million[67][29] MEX: 330,000[52] BEL: 235,000[35] POL: 240,000[37] NZ: 825,000[39] POR: 270,000[117]"
,,,,Flo Rida,80 million[354],United States,Hip-hop / hip house /EDM[353],2007–present[353],,2007[353],"Total available certified units: 84.5 million US: 58.5 million[11] JPN: 650,000[a][12][60] GER: 4.1 million[13] UK: 11.260 million[14] FRA: 225,000[16] CAN: 3.090 million[17] AUS: 3.605 million[a][18] ITA: 515,000[a][22] SPA: 140,000[65] SWE: 780,000[25] DEN: 420,000[a][29] SWI: 420,000[30] MEX: 330,000[a][52] AUT: 210,000[36] POL: 100,000[37] NZ: 247,500[39][40]"
,,,,Tim McGraw,80 million[356],United States,Country[355],1990–present[355],,1994[355],"Total available certified units: 73.8 million US: 72.150 million[11] UK: 200,000[14] CAN: 1.535 million[17]"
,,,,Van Halen,80 million[358],United States,Hard rock / heavy metal[357],1978–2020[357],,1978[357],"Total available certified units: 65.2 million US: 57.8 million[11] JPN: 1.3 million[a][12][131] GER: 1.5 million[13] UK: 1.180 million[14] FRA: 400,000[15] CAN: 2.450 million[17] AUS: 175,000[a][18] BRA: 200,000[a][20] NLD: 200,000[21]"
,,,,Journey,80 million[361],United States,Rock / soft rock[359],1973–present[359],,1975[359],"Total available certified units: 65.1 million US: 60.7 million[11] JPN: 300,000[a][12][360] UK: 3 million[14] CAN: 725,000[17] AUS: 420,000[a][18]"
,,,,Ayumi Hamasaki,80 million[363][364],Japan,J-pop / pop / dance / electronic[362],1998–present[362],,1998[362],Total available certified units: 64.5 million JPN: 64.5 million[12][60][120]
,,,,George Michael,80 million[367],United Kingdom,Pop[365],1981–2016[365],,1984[365],"Total available certified units: 52.4 million US: 20.8 million[11] JPN: 300,000[a][12] GER: 2.4 million[13] UK: 16.710 million[14] FRA: 3.217 million[15][16][61] CAN: 1.870 million[17] AUS: 2.205 million[a][18][19] BRA: 390,000[a][20] NLD: 1.190 million[21] ITA: 115,000[a][22] SPA: 850,000[23][24][47][48][65] SWE: 310,000[a][25] NOR: 160,000[a][26][54] DEN: 510,000[67][29][87][366] SWI: 335,000[a][30] ARG: 118,000[31][32] BEL: 315,000[a][34][35] AUT: 140,000[a][36] POL: 340,000[a][37] NZ: 140,000[39][40]"
,,,,Foreigner,80 million[369],United StatesUnited Kingdom,Rock / hard rock[368],1976–present[368],,1977[368],"Total available certified units: 50.2 million US: 45.1 million[11] GER: 1.5 million[13] UK: 2.1 million[14] FRA: 400,000[15][16] CAN: 700,000[17] AUS: 140,000[a][18] NLD: 150,000[21] SWI: 125,000[a][30]"
,,,,Meat Loaf,80 million[371],United States,Rock / hard rock[370],1968–2022[370],,1977[370],"Total available certified units: 46.6 million US: 25.6 million[11] GER: 2.350 million[13] UK: 11.665 million[14] CAN: 3.380 million[17] AUS: 2.592 million[a][18][19] NLD: 425,000[21] SWE: 100,000[a][25] SWI: 115,000[a][30] AUT: 100,000[a][36] NZ: 302,500[39]"
,,,,Tom Petty,80 million[373],United States,Rock[372],1976–2017[372],,1977[372],"Total available certified units: 36 million US: 31.750 million[11] GER: 500,000[13] UK: 1.860 million[14] CAN: 1.7 million[17] SWE: 200,000[a][25]"
,,,,Johnny Hallyday,80 million[376],France,Rock / pop[374],1957–2017[374],,1960[374],"Total available certified units: 28.8 million FRA: 28.070 million million[a][15][16][61][95][375] SWI: 268,000[a][30] BEL: 540,000[a][34][35]"
,,,,The Weeknd,75 million[378],Canada,Pop / R&B[377],2010–present[377],,2013[377],"Total available certified units: 183.3 million US: 127.360 million[11] GER: 4.8 million[13] UK: 23.120 million[14] FRA: 2.466 million[16] CAN: 9.680 million[17] AUS: 4.165 million[18] BRA: 280,000[20] ITA: 1.585 million[22] SPA: 840,000[23] SWE: 2.180 million[66] NOR: 940,000[111] DEN: 2.9 million[29] MEX: 1 million[52] BEL: 490,000[35] AUT: 120,000[36] POL: 740,000[37] NZ: 442,500[39] POR: 260,000[117]"
,,,,Imagine Dragons,75 million[380],United States,Poprock / electropop / pop[379],2008–present[379],,2012[379],"Total available certified units: 120.3 million US: 86.5 million[11] GER: 4.7 million[13] UK: 10.8 million[14] FRA: 2.849 million[16] CAN: 4.640 million[17] AUS: 2.870 million[18] BRA: 750,000[20] ITA: 2.225 million[22] SPA: 240,000[23] SWE: 1.180 million[66] NOR: 555,000[111] DEN: 690,000[29] MEX: 510,000[52] BEL: 190,000[35] AUT: 572,500[36] POL: 680,000[37] NZ: 270,000[39] POR: 130,000[117]"
,,,,Luke Bryan,75 million[383],United States,Country / country pop[382],2001–present[381],,2007[382],Total available certified units: 82.5 million US: 80.5 million[11] CAN: 2.040 million[17]
,,,,Christina Aguilera,75 million[385],United States,R&B / pop / rock[384],1993–present[384],,1998[384],"Total available certified units: 71.6 million US: 48.7 million[11] JPN: 600,000[12][60] GER: 2.075 million[13] UK: 10.470 million[14] FRA: 575,000[16] CAN: 3.020 million[17] AUS: 2.620 million[18] BRA: 100,000[20] NLD: 170,000[21] ITA: 215,000[a][22] SPA: 310,000[a][23][65] SWE: 500,000[25][66] DEN: 445,500[a][68][29][87] SWI: 225,000[30] MEX: 885,000[52] ARG: 100,000[31] BEL: 260,000[35] AUT: 140,000[36] NZ: 195,000[39]"
,,,,The Black Eyed Peas,75 million[387],United States,Hip-hop / R&B / dance[386],1995–present[386],,1998[386],"Total available certified units: 67.9 million US: 34.430 million[11] JPN: 1.250 million[12][60] GER: 3.3 million[13] UK: 13 million[14] FRA: 3.1 million[16] CAN: 3.1 million[17] AUS: 3.882 million[18] BRA: 475,000[20] NLD: 160,000[21] ITA: 775,000[a][22] SPA: 660,000[23] SWE: 350,000[25][66] DEN: 226,000[a][29][87][28][67] SWI: 540,000[30] MEX: 1.440 million[a][52] BEL: 560,000[35] POL: 110,000[37] IRE: 135,000[a][105] NZ: 340,000[39][40] POR: 104,000[a][41][117]"
,,,,Usher,75 million[388],United States,R&B / pop[382],1991–present[382],,1994[382],"Total available certified units: 69.5 million US: 47.515 million[11] JPN: 750,000[12][60] GER: 1.150 million[13] UK: 12.925 million[14] FRA: 210,000[16] CAN: 1.850 million[17] AUS: 4.222 million[18] ITA: 125,000[a][22] SWE: 105,000[25][66] DEN: 382,500[a][29][68] SWI: 170,000[30] NZ: 150,000[39]"
,,,,Shakira,75 million[390],Colombia,Latin pop / pop / pop rock[389],1988–present[389],,1995[389],"Total available certified units: 67 million US: 29.3 million[11] GER: 4.750 million[13] UK: 6.5 million[14] FRA: 4.002 million[16] CAN: 980,000[17] AUS: 1.640 million[18] BRA: 3.755 million[20] NLD: 380,000[21] ITA: 965,000[a][22] SPA: 3.460 million[23][48] SWE: 730,000[25][66] NOR: 165,000[26][111] DEN: 270,000[a][68][29][87][67] SWI: 855,000[30] MEX: 7.085 million[52] ARG: 736,000[31] BEL: 490,000[35] AUT: 355,000[36] POL: 235,000[37] FIN: 123,950[38] POR: 269,000[a][41][238]"
,,,,Tupac Shakur,75 million[393],United States,Hip-hop[391],1991–1996[391],,1991[391],"Total available certified units: 59.7 million US: 51.7 million[11] GER: 650,000[13] UK: 5.695 million[14] FRA: 100,000[16] CAN: 820,000[17] AUS: 430,000[18][392] NLD: 200,000[21] DEN: 200,000[a][29]"
,,,,Alabama,75 million[395],United States,Country / pop rock[394],1972–present[394],,1980[394],Total available certified units: 58 million US: 56.8 million[11] CAN: 1.2 million[17]
,,,,R. Kelly,75 million[398],United States,R&B / soul / hip-hop[397],1989–2019[396],,1991[397],"Total available certified units: 56.8 million US: 46.9 million[11] GER: 1.4 million[13] UK: 6.520 million[14] FRA: 825,000[16] CAN: 300,000[17] AUS: 140,000[18] NLD: 365,000[21] SWI: 100,000[30] BEL: 275,000[34][35]"
,,,,Nirvana,75 million[402],United States,Grunge / alternative rock[399],1987–1994[399],,1990[399],"Total available certified units: 55.7 million US: 30.2 million[11] JPN: 1.3 million[a][12] GER: 1.5 million[13] UK: 9.070 million[14] FRA: 2.6 million[15][16] CAN: 3.690 million[17] AUS: 2.202 million[a][18][205][400][272][401] BRA: 725,000[a][20] NLD: 250,000[21] ITA: 460,000[a][22] SPA: 450,000[23][24][48] SWE: 380,000[25] NOR: 125,000[a][26] DEN: 325,000[a][29] SWI: 190,000[30] MEX: 475,000[a][52] ARG: 522,000[31][32] BEL: 425,000[a][34][35] AUT: 230,000[a][36] POL: 420,000[a][37] NZ: 215,000[39][40]"
,,,,Bob Seger,75 million[404],United States,Rock / Hard rock/ Pop rock[403],1961–present[403],,1967[403],"Total available certified units: 55.3 million US: 52.5 million[11] UK: 260,000 million[a][14] FRA: 2.6 million[15][16] CAN: 2.560 million[a][17]"
,,,,Kenny G,75 million[406],United States,Smooth jazz[405],1982–present[405],,1984[405],"Total available certified units: 53.9 million US: 49.6 million[11] JPN: 700,000[a][12] UK: 360,000[14] CAN: 950,000[17] AUS: 525,000[a][18] BRA: 1.350 million[a][20] SPA: 450,000[24][48]"
,,,,Enya,75 million[410],Ireland,New-age / Celtic[407],1982–present[407],,1987[407],"Total available certified units: 51.7 million US: 26.5 million[11] JPN: 4.6 million[a][12] GER: 4.3 million[13] UK: 5.810 million[14] FRA: 775,000[15][16] CAN: 1.540 million[17] AUS: 1.680 million[a][18][19] BRA: 1.650 million[a][20] NLD: 730,000[21] SPA: 1.760 million[23][48] SWE: 390,000[25] DEN: 150,000[a][27][408][409][146] SWI: 370,000[a][30] MEX: 125,000[a][52] ARG: 390,000[31] BEL: 510,000[a][35] AUT: 185,000[a][36] POL: 120,000[a][37] NZ: 135,000[39]"
,,,,Bryan Adams,75 million[413],Canada,Rock[411],1979–present[411],,1979[411],"Total available certified units: 49.9 million US: 22 million[11] JPN: 650,000[a][12] GER: 4.450 million[13] UK: 10.775 million[14] FRA: 650,000[15][16][61] CAN: 5.120 million[17] AUS: 2.080 million[a][18][412] BRA: 100,000[a][20] NLD: 500,000[21] SPA: 450,000[a][24][48][65] SWE: 440,000[a][25] NOR: 185,000[a][26] DEN: 380,000[a][68][29] SWI: 805,000[a][30] BEL: 375,000[a][34][35] AUT: 400,000[a][36] POL: 110,000[a][79] FIN: 183,444[38] POR: 286,000[a][41][170]"
,,,,Bob Marley,75 million[417],Jamaica,Reggae[414],1962–1981[414],,1975[414],"Total available certified units: 45.2 million US: 21.850 million[11] JPN: 200,000[a][12] GER: 1.750 million[13] UK: 12.740 million[14] FRA: 4.735 million[16] CAN: 600,000[17] AUS: 350,000[415][416] NLD: 420,000[a][21] ITA: 385,000[a][22] SPA: 450,000[a][24][47][48][65] SWE: 120,000[a][25] DEN: 160,000[67][29] SWI: 303,000[a][30] ARG: 376,000[a][31][32] BEL: 225,000[35] AUT: 125,000[a][36] NZ: 432,500[a][39][40]"
,,,,The Police,75 million[421],United Kingdom,Pop / rock[418],1977–19862007–2008[418],,1978[418],"Total available certified units: 42.2 million US: 23.650 million[11] JPN: 100,000[a][12] GER: 1.775 million[13] UK: 10.260 million[14] FRA: 3.340 million[15][16][61] CAN: 875,000[17] AUS: 527,500[a][18][419][420] BRA: 140,000[a][20] NLD: 350,000[21] ITA: 205,000[a][22] SPA: 350,000[a][24][47][65] SWI: 100,000[a][30] MEX: 100,000[a][52] ARG: 228,000[a][31][32] BEL: 115,000[a][35] NZ: 105,000[39]"
,,,,Barry Manilow,75 million[423],United States,Pop / soft rock[422],1973–present[422],,1973[422],"Total available certified units: 36.7 million US: 33.3 million[11] UK: 3.225 million[14] CAN: 400,000[a][17]"
,,,,Kiss,75 million[425],United States,Hard rock / heavy metal[424],1972–present[424],,1974[424],"Total available certified units: 28.6 million US: 26 million[11] JPN: 100,000[a][60] UK: 760,000[14] CAN: 1.495 million[a][17] AUS: 130,000[a][18] NLD: 200,000[a][21]"
,,,,Aretha Franklin,75 million[427],United States,Soul / jazz / blues / R&B[426],1956–2018[426],,1961[426],"Total available certified units: 26.6 million US: 23.5 million[11] UK: 2.640 million[a][14] FRA: 275,000[a][15][16] CAN: 150,000[a][17] ITA: 110,000[a][22]"
,,Major companiesand organisations,Representatives ARIA BVMI BPI Music Canada FIMI IFPI (worldwide) PMB PROMUSICAE RIAA SNEP Musicpublishers BMG Rights Management Music catalog Sony Music Publishing Universal Music Publishing Group Warner Chappell Music Record labels Major: Sony Universal Warner Independent: Concord Independent UK record labels AAMG Retailers Amazon Digital music stores (iTunes Store) Fnac HMV Trans World Entertainment Virgin Megastores Live music CTS Eventim Live Nation LiveStyle Ticketmaster,,,,,,,,
,,Representatives,ARIA BVMI BPI Music Canada FIMI IFPI (worldwide) PMB PROMUSICAE RIAA SNEP,,,,,,,,
,,Musicpublishers,BMG Rights Management Music catalog Sony Music Publishing Universal Music Publishing Group Warner Chappell Music,,,,,,,,
,,Record labels,Major: Sony Universal Warner Independent: Concord Independent UK record labels AAMG,,,,,,,,
,,Retailers,Amazon Digital music stores (iTunes Store) Fnac HMV Trans World Entertainment Virgin Megastores,,,,,,,,
,,Live music,CTS Eventim Live Nation LiveStyle Ticketmaster,,,,,,,,
,,Majorpopular genres,Avant-garde Blues Contemporary R&B Country Crossover Dance Disco Drum and bass Easy listening Electronica Experimental Folk Funk Gospel Hip hop Instrumental Jazz Latin Metal Motown New Age Operatic pop Pop Punk Reggae Rock Soul Soundtrack World,,,,,,,,
,,Sectorsand roles,Album cover design Artists and repertoire (A&R) Disc jockey Distribution Entertainment law Music education Music executive Music journalism Music publisher Music store Music venue Musical instruments Professional audio store Promotion Radio promotion Record label Record shop Road crew Talent manager Tour promoter  Production Arrangement Songwriter Composer Lyricist Conductor Disc jockey Hip hop producer Horn section Record producer Rhythm section Orchestrator Session musician Backup singer Ghost singer Vocal coach Ghostwriter Sound engineer,,,,,,,,
,,Production,Arrangement Songwriter Composer Lyricist Conductor Disc jockey Hip hop producer Horn section Record producer Rhythm section Orchestrator Session musician Backup singer Ghost singer Vocal coach Ghostwriter Sound engineer,,,,,,,,
,,Releaseformats,"Single (Extended play (EP), 12"" single, Cassette single, CD single, Maxi single) Album Double album Music video Promotional recording Phonograph record Eight-track Compact cassette CD DVD Airplay Music download Streaming media",,,,,,,,
,,Live shows,Concert Concert tour Concert residency Music festival Music competition,,,,,,,,
,,Charts,ARIA Charts Billboard Hot 100 Billboard Argentina Hot 100 Brasil Hot 100 Airplay Canadian Hot 100 Gaon Music Chart G-Music Chart Irish Singles Chart Italian Singles Chart GfK Entertainment Charts Entertainment Monitoring Africa Oricon Charts New Zealand Singles Chart Rolling Stone Top 100 Sino Chart SNEP Singles Chart Sverigetopplistan UK Singles Chart,,,,,,,,
,,Publications,Billboard HitQuarters Hot Press Kerrang! Mojo Musica e dischi NME Q Rolling Stone Smash Hits Top of the Pops,,,,,,,,
,,Television,Channels Channel V CMT Fuse Mnet MTV MTV2 Tr3s MuchMusic The Music Factory Viva VH1 The Country Network Series Idol franchise Popstars Star Academy The Four The Voice The X Factor Rising Star,,,,,,,,
,,Channels,Channel V CMT Fuse Mnet MTV MTV2 Tr3s MuchMusic The Music Factory Viva VH1 The Country Network,,,,,,,,
,,Series,Idol franchise Popstars Star Academy The Four The Voice The X Factor Rising Star,,,,,,,,
,,Achievements,Music award Best-selling music artists Best-selling albums by country Best-selling singles Highest-grossing concert tours Highest-attended concerts Global Recording Artist of the Year,,,,,,,,
,,Other,Album era Album-equivalent unit A-side and B-side Backmasking Bootleg recording Christian music industry Environmental impact Hidden track Largest recorded music markets Music certification Record sales Surprise album White label,,,,,,,,
,,Record production portal  Category,Record production portal  Category,,,,,,,,
Representatives,ARIA BVMI BPI Music Canada FIMI IFPI (worldwide) PMB PROMUSICAE RIAA SNEP,,,,,,,,,,
Musicpublishers,BMG Rights Management Music catalog Sony Music Publishing Universal Music Publishing Group Warner Chappell Music,,,,,,,,,,
Record labels,Major: Sony Universal Warner Independent: Concord Independent UK record labels AAMG,,,,,,,,,,
Retailers,Amazon Digital music stores (iTunes Store) Fnac HMV Trans World Entertainment Virgin Megastores,,,,,,,,,,
Live music,CTS Eventim Live Nation LiveStyle Ticketmaster,,,,,,,,,,
Production,Arrangement Songwriter Composer Lyricist Conductor Disc jockey Hip hop producer Horn section Record producer Rhythm section Orchestrator Session musician Backup singer Ghost singer Vocal coach Ghostwriter Sound engineer,,,,,,,,,,
Channels,Channel V CMT Fuse Mnet MTV MTV2 Tr3s MuchMusic The Music Factory Viva VH1 The Country Network,,,,,,,,,,
Series,Idol franchise Popstars Star Academy The Four The Voice The X Factor Rising Star,,,,,,,,,,
